case,same_point_error_mm,rotation_error_deg,different_tcp_distance_mm,assignment_q1_rad,urdf_q1_rad,assignment_q2_rad,urdf_q2_rad,assignment_q3_rad,urdf_q3_rad,assignment_q4_rad,urdf_q4_rad,assignment_q5_rad,urdf_q5_rad,assignment_x_m,reference_on_axis_x_m,reference_tcp_x_m,assignment_y_m,reference_on_axis_y_m,reference_tcp_y_m,assignment_z_m,reference_on_axis_z_m,reference_tcp_z_m
urdf_zero,0.218186481500041,0.0005559155352564018,7.926195408515734,-0.0,0.0,-1.0832849504323474,0.0,2.6155532803851056,0.0,0.03852799684213837,0.0,-0.0,0.0,0.3912069164747162,0.3913340204831404,0.39136147022015805,0.0,-0.0001757868760946934,-9.21206311460634e-06,0.23439439332116574,0.2343709650061444,0.22646971024033286
shoulder_pan_30deg,0.20147243020016073,0.000569042950155185,7.926575648587509,-0.5235987755982988,0.5235987755982988,-1.0832849504323474,0.0,2.6155532803851056,0.0,0.03852799684213837,0.0,-0.0,0.0,0.3439933421364451,0.3440204859605086,0.3441275350532309,-0.17620345823735806,-0.1764016584813471,-0.17627112252120844,0.23439439332116574,0.23437049737530338,0.22646924251385891
shoulder_lift_30deg,0.21387847757822287,0.0006808547006947326,7.908892820093968,-0.0,0.0,-0.5596861748340486,0.5235987755982988,2.6155532803851056,0.0,0.03852799684213837,0.0,-0.0,0.0,0.406963366521981,0.40706634117586643,0.4031394856004527,0.0,-0.00017521811404426415,-8.67109171103588e-06,0.05760947880214747,0.05754285420954739,0.050686441524342714
elbow_flex_30deg,0.22317366142110698,0.0006808547007145129,7.909142471051237,-0.0,0.0,-1.0832849504323474,0.0,3.1391520559834043,0.5235987755982988,0.03852799684213837,0.0,-0.0,0.0,0.35441647054680814,0.35453252304912397,0.3506056674737102,0.0,-0.00017562765425767663,-9.08063192444433e-06,0.08669829784432218,0.086624181537626,0.07976776885242137
wrist_flex_30deg,0.21838906679800865,0.0006808547006455061,7.859307905079358,-0.0,0.0,-1.0832849504323474,0.0,2.6155532803851056,0.0,0.5621267724404372,0.5235987755982988,-0.0,0.0,0.36987816075719887,0.3700056960787733,0.3660788405033597,0.0,-0.00017571059104843723,-9.16356871519444e-06,0.15479439332116574,0.15477084943785782,0.1479144367526532
wrist_roll_30deg,0.21818648150007336,0.00040423643839835276,8.010971645418914,-0.0,0.0,-1.0832849504323474,0.0,2.6155532803851056,0.0,0.03852799684213837,0.0,-0.5235987755982988,0.5235987755982988,0.39120691647471617,0.3913340204831404,0.3913615035875068,0.0,-0.0001757868760946934,-0.003982156291642959,0.23439439332116574,0.2343709650061444,0.22744499041176458
mixed,0.21908101944259759,0.0002839294141659817,8.084080768388194,-0.3490658503988659,0.3490658503988659,-1.606883726030646,-0.5235987755982988,3.3136849811828375,0.6981317007977318,-0.397804316156444,-0.4363323129985824,-1.0471975511965976,1.0471975511965976,0.30735037409625193,0.3074249873929167,0.3061340062079398,-0.09774434257208905,-0.09794618261943405,-0.10466950104461106,0.2510298974097985,0.25098878847733125,0.24704053766661116
random_01,0.23165360879290253,0.0007967868420179766,7.827415752116746,0.9862403337873233,-0.9862403337873233,-0.6925735176041383,0.3907114328282091,2.5270470370770894,-0.08850624330801615,-0.30502063679502944,-0.3435486336371678,0.6092923142724316,-0.6092923142724316,0.2531749012224701,0.25339938584811195,0.249675216428779,0.3239761576452129,0.32394444352776935,0.32675796660046286,0.18146697794954905,0.18141939368668838,0.17504185673374434
random_02,0.1753239067805961,0.0009494236844698725,7.768304389909776,-0.892406975174159,0.892406975174159,0.04809055751608793,1.1313755079484353,1.743116311074629,-0.8724369693104765,0.4438501887463142,0.40532219190417584,0.8622489169224836,-0.8622489169224836,0.29057025689070753,0.29051246082927246,0.29334128262754244,-0.3123696841320608,-0.31253294182452773,-0.30630962668361944,0.011518324177506561,0.011491029243511912,0.007525371237428177
random_03,0.17741044869579262,0.0006862872889651327,7.869396623413786,-1.4344032793660273,1.4344032793660273,0.08915837867249699,1.1724433291048444,2.982947934792243,0.36739465440713737,0.708999966254859,0.6704719694127206,-0.10665144254569103,0.10665144254569103,0.046876739695815774,0.04673351097492259,0.04520297066039364,-0.05884899259113791,-0.058850742317627845,-0.052666992381016645,-0.12785148291322818,-0.1279561583127973,-0.12327887164233285
random_04,0.17829783759774556,0.0006017453666314437,7.794991814120093,-1.0010772331918747,1.0010772331918747,-1.227433722747288,-0.1441487723149406,2.1797021541455175,-0.435851126239588,-0.5506822859543516,-0.58921028279649,1.1838130380369452,-1.1838130380369452,0.15427227403514865,0.15420054858026885,0.1618244033279314,-0.18026423002662384,-0.1804248638975473,-0.17864479673427303,0.456807980980306,0.4568370040319454,0.45575694513937687
random_05,0.22256142528766834,0.00027826976308057474,8.002261701040272,-0.07930355978369352,0.07930355978369352,-1.2762149554333735,-0.19293000500102608,3.056793678143004,0.44124039775789803,-1.2538555388488901,-1.2923835356910285,0.19472641423372172,-0.19472641423372172,0.2862909142388802,0.2864064475979921,0.29320664594781176,-0.01966815918634745,-0.01985182137584822,-0.01869456255768396,0.3420084553105557,0.3419589191509732,0.3381019278414766
random_06,0.2327838417547797,0.0006350285902174547,7.79923465070565,0.41413437942074727,-0.41413437942074727,-1.9338956816582364,-0.850610731225889,2.8720705955854724,0.2565173152003668,-0.13307947298902056,-0.17160746983115893,0.8547035616744911,-0.8547035616744911,0.2107188768920833,0.21091265022864567,0.21169922987961826,0.07556788146375587,0.07544398048119337,0.08242010970387566,0.4020071389268093,0.4020430381961563,0.3984135422185094
random_07,0.2320261530653443,0.000788080285199619,7.753361447520937,0.8926085847734904,-0.8926085847734904,-0.03713678124958464,1.0461481691827628,3.4198913815550593,0.804338101169954,0.3216176712810124,0.283089674438874,0.6531540496867627,-0.6531540496867627,0.05431205118306937,0.054452770419771625,0.04732564047689454,0.019253642191188747,0.019102201136679167,0.018120036758022182,-0.11688224550782791,-0.11698760128193292,-0.1137168675047381
random_08,0.17143369953236323,0.0009199380614153262,7.753169999487712,-1.3725303102563005,1.3725303102563005,-0.9063018575675028,0.1769830928648446,2.433743728317456,-0.1818095520676497,1.100879136242043,1.0623511393999046,0.7682454917598918,-0.7682454917598918,0.09606672119796879,0.09594702514402834,0.10049477562659762,-0.28504316879914793,-0.2851638378653158,-0.2793179201710543,0.08966922509490832,0.08964683437190499,0.08688974543774788
random_09,0.18502016082359055,0.0007574037347252394,7.753774026931679,-0.6020523382000724,0.6020523382000724,-1.6031968995830157,-0.5199119491506683,1.9707927176122126,-0.6447605627728928,0.5713379892353998,0.5328099923932614,1.1768476994269386,-1.1768476994269386,0.18361538558228124,0.18358550500755622,0.1891733827959613,-0.0995104671194923,-0.09968079130133925,-0.09459041855844019,0.4481529936146996,0.4482187909113269,0.4459118330246628
random_10,0.20641247170077626,0.00047145104408078114,7.91235988632444,0.021163544502794895,-0.021163544502794895,-0.8598032545757597,0.22348169585658773,1.7743560906811613,-0.8411971897039444,0.6519854144386228,0.6134574175964844,-0.25556865992995004,0.25556865992995004,0.38746560675803615,0.3875696144323315,0.38766865846047627,0.007380101956556792,0.0072055240947641735,0.005370971062047965,0.3031774741224583,0.3032136829933771,0.2955271406640016
random_11,0.20328900475814213,0.0004178604423239513,7.9272146612731715,-0.37323079684072424,0.37323079684072424,-1.4403255257363297,-0.35704057530398225,2.3997558552104996,-0.2157974251746062,0.024811670069585068,-0.0137163267725533,0.095227404765438,-0.095227404765438,0.2812188754533701,0.281267844850661,0.28566913233482044,-0.09492751509528838,-0.09512267564321036,-0.09586122179725527,0.39743293523317863,0.3974619314073972,0.39093954337916964
random_12,0.1974593078376124,0.0003417509767622665,8.08531495299037,-0.5395243494081239,0.5395243494081239,-0.8677646081565853,0.2155203422757621,2.3891490990367346,-0.22640418134837104,-1.283138546483746,-1.3216665433258843,-1.3526888930358703,1.3526888930358703,0.2568446596675151,0.2568625587948183,0.25448471740303963,-0.13056148952651767,-0.13075700040411348,-0.13828241034506877,0.38196994523160616,0.38194884318821676,0.38153362870538204
random_13,0.2178360536284896,0.0005924948304757913,8.042940735939332,-0.05954398528986249,0.05954398528986249,-1.5676638334887891,-0.48437888305644183,2.615431660984974,-0.00012161940013166728,-1.0400176599737234,-1.0785456568158618,-1.8471812219638628,1.8471812219638628,0.15943776681443028,0.15955397019334455,0.15710691408688254,-0.007191754844731939,-0.007374731405361031,-0.014889277749484467,0.45586574153242143,0.45588739561401564,0.45593025800416154
random_14,0.166168662798377,0.0006276246845001696,7.78005956652044,-1.5043598059180554,1.5043598059180554,-2.3155292109339918,-1.2322442605016444,2.2322104954562008,-0.3833427849289047,0.6488653950800738,0.6103373982379354,0.791048946288202,-0.791048946288202,0.03930321520186355,0.03916234237421445,0.04519105261745567,-0.007563228953524504,-0.007590165920747759,-0.011804259662476266,0.44925749373018015,0.4493414060101108,0.4464510091049082
random_15,0.22232732678483827,0.0008832501745441433,8.094794176817658,-0.2059618385497135,0.2059618385497135,-1.3162628741806817,-0.23297792374833426,3.3570229546189916,0.7414696742338858,1.25478637230202,1.2162583754598817,-1.7743134077633744,1.7743134077633744,0.16362107918280167,0.16370693070537368,0.16350039499515384,-0.026078173817400005,-0.02626917679903738,-0.03416567386862504,0.014215293441064605,0.014140615349812938,0.013893624335728265
random_16,0.22535305379362985,0.0005327011541424255,7.872998976206311,-0.3714866595503472,0.3714866595503472,-2.0319784446260076,-0.9486934941936604,3.8244091536598415,1.208855873274736,-1.2252256276642217,-1.26375362450636,0.864899858657683,-0.864899858657683,0.19939584203764166,0.19947394486990505,0.20563815407880542,-0.0625640382916688,-0.06277075630807213,-0.058602901983987425,0.30959207182878984,0.30954789481960154,0.306885218967614
random_17,0.2287254027195369,0.0009945725487152406,7.679837179255989,0.6708344306174242,-0.6708344306174242,-0.6034560853442064,0.47982886508814104,2.5813830110451765,-0.03417026933992906,-1.041496343713425,-1.0800243405555634,2.1376303403770396,-2.1376303403770396,0.32025918283159116,0.32045907570963034,0.3143534923625314,0.2233697363824305,0.22327609979988478,0.22682595084246898,0.24448953858486622,0.24442961915923822,0.24797627069240763
random_18,0.21187007083343792,0.0006456256692481681,8.067316070400777,-0.3204346073613382,0.3204346073613382,-1.1070679833370056,-0.02378303290465822,2.8896905364895504,0.2741372561044446,0.20837664919555943,0.16984865235342106,-1.7835340379201687,1.7835340379201687,0.35480884981748395,0.35487493608669685,0.35303792086507313,-0.10487442903219257,-0.10506970561870889,-0.11263443829502914,0.13652534575469316,0.13647647258521314,0.13783974883820688
random_19,0.19516855717222634,0.0006794671173828908,7.9231101843167275,-1.2852214264823103,1.2852214264823103,-1.9538355568534822,-0.8705506064211349,3.81104811143343,1.1954948310483247,0.8018368129073457,0.7633088160652073,-0.6601199681923204,0.6601199681923204,0.08545792382821249,0.08535562685093698,0.07925354272694007,-0.15891665872011734,-0.1590744748115957,-0.15502299837597422,0.03144185732906704,0.03138970202809507,0.02842180115948271
random_20,0.2069570077127723,0.0005695704936871781,8.042539231524037,-0.4902777737042783,0.4902777737042783,-0.954660468748366,0.12862448168398144,3.7438332426193472,1.1282799622342414,-0.6690969764823385,-0.7076249733244768,-0.48269262062811613,0.48269262062811613,0.2637296988237396,0.26370259968395704,0.25880687618150383,-0.1200551022451396,-0.12022111082613696,-0.12159803255354018,0.014952578563630511,0.01483200497323977,0.008782682244638344
random_21,0.19220904023739405,0.0001795160464868166,8.066083713288487,-0.9652842956238512,0.9652842956238512,-2.1032238234596967,-1.0199388730273493,2.927887654251482,0.3123343738663764,-0.21924468725935697,-0.25777268410149534,-1.2276071434157423,1.2276071434157423,0.11779045642870481,0.11773290622082183,0.1129879825820747,-0.11410528204009282,-0.11428251641366619,-0.12040201529843307,0.4218750837474914,0.4219222034413111,0.4203424057984351
random_22,0.24354591738016487,0.0008790880513737354,7.73478137453789,1.3278846521904781,-1.3278846521904781,-0.7850028005916654,0.298282149840682,3.5810940581089987,0.9655407777238929,0.37902152751373186,0.3404935306715935,0.7593277525042876,-0.7593277525042876,0.07021596465680811,0.07042726123712699,0.06367992909133036,0.12677698292532064,0.1267528146094444,0.12264112664555804,-0.07004320284382246,-0.07016187997525813,-0.070001074090501
random_23,0.21179796912380205,0.0005684340007132239,7.846066108491484,-0.4785705854755169,0.4785705854755169,-1.5352476688124408,-0.4519627183800934,3.071428180245989,0.4558748998608835,-0.9474356539498436,-0.985963650791982,0.9440634473290304,-0.9440634473290304,0.24264566029640264,0.2426923071133102,0.24901920443339964,-0.10575418213951773,-0.10595927253647353,-0.10192198480543142,0.3671895777638577,0.36716467026952615,0.3646889874125223
random_24,0.2357299290761264,0.0001633359292038569,8.009010625107956,1.4353844710957921,-1.4353844710957921,-2.2452296322911423,-1.161944681858795,2.763650332368939,0.1480970519838336,-0.6732487184190954,-0.7117767152612338,-0.1108017735295923,0.1108017735295923,0.03616895982267043,0.03638986524241119,0.03814080488469795,-0.01931100662262776,-0.019265913262295997,-0.011659827740843964,0.46153290953879345,0.4616017280235587,0.4628426957669221
random_25,0.19054925761343386,0.0008698471945916449,7.823850414688268,-0.4901618620243595,0.4901618620243595,-0.018811871385781,1.0644730790465664,2.2236382638325143,-0.3919150165525914,-0.4424978478083804,-0.4810258446505188,0.7936019426893108,-0.7936019426893108,0.3982524822639948,0.39825109854222934,0.4000708146978581,-0.19180243434389543,-0.19198112531254696,-0.18643532495313964,0.03649302729063915,0.036426871092037016,0.031098544993046595
random_26,0.24057524147087292,0.0007413099097059614,7.978479782296033,1.1738802903414312,-1.1738802903414312,-0.627590835492726,0.4556941149396214,3.479899268591322,0.8643459882062168,-0.03308729979388225,-0.07161529663602062,-0.2994195678411633,0.2994195678411633,0.11380409216421344,0.11400566620742117,0.1132255107020258,0.17893789461638643,0.17887881397999994,0.1714003282097721,-0.07491100870601697,-0.07502828543140537,-0.07746178815434225
random_27,0.18323397871857977,0.0007403931890828926,7.740913233073505,-1.4083482097274715,1.4083482097274715,-0.5278087639679665,0.5554761864643809,3.278127613880356,0.6625743334952505,1.0718266309418927,1.0332986340997543,1.230917348108505,-1.230917348108505,0.049288269182699504,0.049151484441641115,0.05624328622040141,-0.06399487400468484,-0.06403985508837218,-0.06090915398384207,-0.05093942728887654,-0.051052746870948414,-0.04951541617929249
random_28,0.20008772904745717,0.0006603315071064635,8.050124853652395,-0.46127649396409787,0.46127649396409787,-0.4762047072622442,0.6070802431701032,3.540937602357519,0.9253843219724136,-0.37589270331162006,-0.4144207001537584,-0.8824878072717715,0.8824878072717715,0.21577989045746562,0.21572367527885422,0.2089201601871516,-0.08796601579601082,-0.0881170259653665,-0.09143181793364245,-0.08456012236970539,-0.08467874311730136,-0.08695528965420087
random_29,0.18835596845000008,0.000630450506188504,8.019494483031211,-0.32069527528990527,0.32069527528990527,-1.3363968013736076,-0.2531118509412602,1.5385115675352752,-1.0770417128498304,-0.3513192253683035,-0.3898472222104419,-2.109816101870209,2.109816101870209,0.06986393011632136,0.06986063427750248,0.06402032111740431,-0.01031823270370287,-0.010493513888902389,-0.015788940300504817,0.522209330787383,0.5222782046896411,0.5217236518590391
random_30,0.22672474318260577,0.00035696888560889583,7.7783334838948655,0.8707763043098441,-0.8707763043098441,-2.1622116714735466,-1.0789267210411992,2.2577584448739745,-0.357794835511131,-1.02002846370307,-1.0585564605452085,1.0012223470068113,-1.0012223470068113,-0.07061909164143988,-0.07042818723916734,-0.07400133089934338,-0.12990164402682586,-0.12999515131142092,-0.1237693394625618,0.424626794897508,0.4247056365495191,0.4280117277063068
random_31,0.1814822190856936,8.355619394266924e-05,8.068149106219689,-1.2731163689288332,1.2731163689288332,-1.589341062097286,-0.5060561116649388,2.8477985277197226,0.23224524733461704,-0.6545549324556489,-0.6930829292977873,-0.7894863652488908,0.7894863652488908,0.10306067878010675,0.10295715552068417,0.0990826686388476,-0.20945733916175502,-0.20960637783325126,-0.21570389243046223,0.4011558133130145,0.401158304297043,0.39795408915602715
random_32,0.22919298470987054,0.0005115769950240383,8.12583492317002,1.1437561721243177,-1.1437561721243177,-0.27398413297276814,0.8093008174595793,2.4071993854474925,-0.20835389493761314,-0.800688096884552,-0.8392160937266904,-1.1928154552966088,1.1928154552966088,0.20449109294296397,0.20470979051438437,0.21164912211067421,0.3641214604769371,0.3641017075150669,0.3617696317325817,0.1396629691396355,0.13959731385049295,0.1366198271465562
random_33,0.20086222980531496,0.0007201952623058632,7.77850683476942,-0.16674380060291694,0.16674380060291694,-1.256016741022827,-0.1727317905904795,1.9142060974495485,-0.7013471829355572,0.7849624494348322,0.7464344525926938,0.5629688329662166,-0.5629688329662166,0.31398829749357415,0.3140514341502889,0.31562913512622637,-0.04631598915086331,-0.0464997294579049,-0.04234620988647602,0.3593217571079047,0.35937273649108564,0.35283687676715303
random_34,0.2230464598239678,0.0004066515332886468,7.938423497752816,1.403523050685224,-1.403523050685224,0.2162717659484772,1.2995567163808246,1.3459301215548218,-1.2696231588302838,-0.9683280690057965,-1.0068560658479349,0.11380725251115731,-0.11380725251115731,0.10046364565351017,0.1006832773895268,0.1007184775386313,0.3651954930108673,0.3652343242008747,0.37182619196205285,0.2528859404485536,0.25288788015392616,0.24852848020676754
random_35,0.23796407605707187,0.0009361395631325372,8.130649138724682,0.8974041789979317,-0.8974041789979317,-1.5436749741921236,-0.4603900237597762,2.798249694572859,0.18269641418775318,1.2531350806221062,1.2146070837799678,-1.988407960970815,1.988407960970815,0.18096880523001777,0.1812046889299444,0.18844708928059561,0.17820321270325024,0.1781720243073332,0.17556106934017784,0.14359596118304357,0.14359957581480054,0.14538531903570745
random_36,0.22495716459657217,0.0009752727836174333,7.7054713568769415,1.3088961149020266,-1.3088961149020266,-0.09664667254392367,0.9866382778884237,1.7173484438626965,-0.8982048365224091,0.8647270185744764,0.8261990217323381,0.8709864059877892,-0.8709864059877892,0.13502103944898164,0.13524428291825408,0.12828907546712318,0.3589570379969682,0.35898160036849086,0.35679324126326023,0.02246508990904615,0.022452253662097826,0.019403565211480248
random_37,0.19660919062530685,0.0006124237159285847,7.708824428566311,-0.6691383506770316,0.6691383506770316,-0.4722987991832379,0.6109861512491095,3.56344388676629,0.9478906063811843,1.31092549275687,1.2723974959147317,0.9642183263271711,-0.9642183263271711,0.017733271703743447,0.017644372250756088,0.020663597200354114,0.016660677968030183,0.016532450425832547,0.022542181497768623,0.009418349452238864,0.009298726049349462,0.013449116474041095
random_38,0.19101080676885543,0.0008090485623752419,7.770742753019434,-0.39413484395298637,0.39413484395298637,-0.41514247931365156,0.6681424711186958,1.4788710091895463,-1.1366822711955593,0.4708474779637666,0.4323194811216282,0.7585332448580135,-0.7585332448580135,0.4073598175844644,0.4073864465165882,0.4097331316376712,-0.1532827988402355,-0.1534692827043812,-0.14842807250498177,0.25891013958339987,0.25894175914522033,0.25332592472827037
random_39,0.23281688377529136,0.0005414631582627348,8.029971641474463,1.039891270011115,-1.039891270011115,-0.9451342399751632,0.1381507104571842,2.5124865268828485,-0.10306675350225714,0.24301277738214133,0.20448478054000296,-0.6730386059665374,0.6730386059665374,0.22269264174128267,0.22292376708413558,0.22631764630878343,0.3132041808496192,0.31319123366484836,0.3095009875126985,0.1869575963013492,0.18693275384437588,0.18082358084996103
random_40,0.20512330013529362,0.0006850073112878667,7.8486315231426245,0.0040889597623448015,-0.0040889597623448015,0.04810974431124859,1.131394694743596,1.7446332728343814,-0.8709200075507242,-0.5217857926673529,-0.5603137895094913,0.6034646085686035,-0.6034646085686035,0.4667008365428992,0.4668048170700454,0.4687057229961396,0.0017496790542150704,0.0015748558175188822,0.006203782571762357,0.1564794810735132,0.15645301497928196,0.15033599599168432
random_41,0.17856370092584825,0.0004673608875116027,8.03051037705934,-0.8428401041091487,0.8428401041091487,-0.6585467003368974,0.42473825009544997,1.8217202072749479,-0.7938330731101577,0.687006910631176,0.6484789137890377,-1.2521845191451528,1.2521845191451528,0.2910938879661201,0.2910469800819518,0.28501866772075163,-0.2830807126454566,-0.2832521431063257,-0.28768754076632086,0.2172288835585465,0.2172460952632092,0.21470738984426985
random_42,0.16950458620361178,0.0003788788607512848,8.060219205290618,-0.8301212481502849,0.8301212481502849,-2.2606904189958046,-1.1774054685634574,1.8371775388099945,-0.778375741575111,1.08744335378216,1.0489153569400216,-1.7342646562456774,1.7342646562456774,0.02516989695203295,0.02506086075094162,0.01870276431988191,0.014907232314779414,0.014800784970952684,0.01016127935067878,0.43399298986432944,0.43406723186449014,0.4347799203682796
random_43,0.2261500704149539,0.0009979746424258668,7.7080576717252836,0.9044148441383228,-0.9044148441383228,-0.9398169860700707,0.1434679643622767,1.9738488112276353,-0.6417044691574703,-0.18355979780915943,-0.2220877946512978,2.10149743092985,-2.10149743092985,0.23030170342473627,0.23052032195514477,0.22355348265101382,0.24352272455562327,0.24347088022280128,0.24549913510439242,0.39803215798824154,0.3980578865261899,0.4011896048686273
random_44,0.24610340324240054,0.0011079995418932975,7.704148934287207,0.6703836670377276,-0.6703836670377276,-1.723664954079403,-0.6403800036470554,3.748882127919514,1.1333288475344083,0.2719038326664944,0.23337583582435606,1.4019277865558561,-1.4019277865558561,0.2157420268395262,0.21596556026874483,0.21051943784766125,0.14029359017113316,0.14021807212359116,0.14587573511365964,0.0586810285027041,0.05861105196660309,0.05772283600411327
random_45,0.2280151195685276,0.0007643072138631438,7.84708512732149,0.22250549977053335,-0.22250549977053335,-1.1030109153043595,-0.01972596487201206,2.986975037905162,0.37142175752005646,0.12460876791344977,0.0860807710713114,0.3140643759355215,-0.3140643759355215,0.35940288935972564,0.3595626717086526,0.35592739432421,0.07253694577205357,0.07238503997650345,0.07422756488240609,0.12068046748836059,0.12062228566128783,0.11385115666828166
random_46,0.2344621194394671,0.0009392164207143093,8.103798902425359,0.5812014854609026,-0.5812014854609026,-0.8738467221168293,0.20943822831551806,3.902203045350757,1.2866497649656516,0.17909690271447398,0.14056890587233561,-1.768132848121052,1.768132848121052,0.11065478623787411,0.11078575105965,0.11621176401639904,0.04720047642822997,0.04705188372363215,0.041307090412462284,-0.07197611196547972,-0.07210157474501837,-0.07222015271839709
random_47,0.24406319767304827,0.0007068593102270361,7.892877198775518,1.488974500141311,-1.488974500141311,-1.9123937663218504,-0.829108815889503,3.601885896474627,0.9863326160895214,0.22283236738797396,0.1843043705458356,0.016647101861936964,-0.016647101861936964,0.05925337624075058,0.05947342419723369,0.05896231260420323,0.24941648040674513,0.2495161215767591,0.24693007443787812,0.14401932754245744,0.14398443659027424,0.13653396998303433
random_48,0.2362667344167571,0.0005227536370324117,7.925796281174284,0.4030038373316229,-0.4030038373316229,-1.6550111797484561,-0.5717262293161086,3.0991090502659033,0.48355576988079774,-0.3176629371499011,-0.3561909339920395,0.250430436041289,-0.250430436041289,0.28770847802887917,0.28791127663316163,0.29011353588449723,0.10611927152245346,0.10599885859785704,0.10924184576069686,0.31192876556691157,0.31191478617196106,0.30505246761463634
random_49,0.18533714975958704,0.0007616767633752587,7.752723573933177,-0.8504159264970497,0.8504159264970497,0.16269349345520356,1.245978443887551,3.950401412018307,1.3348481316332015,-0.0014903105625867497,-0.04001830740472512,1.5777340301430955,-1.5777340301430955,-0.024967705900428613,-0.02514029250131617,-0.019135454385708975,0.07264978532230691,0.07261681088588308,0.07775110913553113,-0.040094101700836604,-0.040153062796633894,-0.040351123947930626
random_50,0.22436310734048212,0.00044687046054664074,7.733319248948102,1.459328276206302,-1.459328276206302,-1.0982062497736302,-0.014921299341282834,1.4700171773614328,-1.1455361030236728,-0.97563944412502,-1.0141674409671584,1.145807720563535,-1.145807720563535,0.040506381073839415,0.04072112685381408,0.03378182731145007,0.01524479768246563,0.015251553010625786,0.01858533323387256,0.4863343340382912,0.4863989669978397,0.48818512455390145
